{
    "UUID": "cd2b9105-83cf-4576-bc6d-b8f6211fe3dd",
    "Ind": "Models/ind_cd2b9105-83cf-4576-bc6d-b8f6211fe3dd",
    "Heu": "Models/heu_cd2b9105-83cf-4576-bc6d-b8f6211fe3dd",
    "DCR": "Models\\dcr_cd2b9105-83cf-4576-bc6d-b8f6211fe3dd.JSON",
    "Palia": "Models\\palia_cd2b9105-83cf-4576-bc6d-b8f6211fe3dd.JSON",
    "Freq": {
        "Sum": {
            "t11": 1000,
            "t26": 1000,
            "t21": 1000,
            "t32": 495,
            "t36": 502,
            "t44": 1000,
            "t41": 1000,
            "t54": 1000,
            "t51": 1000,
            "t61": 485,
            "t71": 1000,
            "t66": 511,
            "t81": 1000,
            "t76": 1000,
            "t82": 1000,
            "t91": 1000,
            "t31": 505,
            "t35": 498,
            "t65": 489,
            "t62": 515
        },
        "Mean": {
            "t11": 1,
            "t26": 1,
            "t21": 1,
            "t32": 0.495,
            "t36": 0.502,
            "t44": 1,
            "t41": 1,
            "t54": 1,
            "t51": 1,
            "t61": 0.485,
            "t71": 1,
            "t66": 0.511,
            "t81": 1,
            "t76": 1,
            "t82": 1,
            "t91": 1,
            "t31": 0.505,
            "t35": 0.498,
            "t65": 0.489,
            "t62": 0.515
        },
        "Median": {
            "t11": 1,
            "t26": 1,
            "t21": 1,
            "t32": 0,
            "t36": 1,
            "t44": 1,
            "t41": 1,
            "t54": 1,
            "t51": 1,
            "t61": 0,
            "t71": 1,
            "t66": 1,
            "t81": 1,
            "t76": 1,
            "t82": 1,
            "t91": 1,
            "t31": 1,
            "t35": 0,
            "t65": 0,
            "t62": 1
        },
        "StDev": {
            "t11": 0,
            "t26": 0,
            "t21": 0,
            "t32": 0.50022517452166,
            "t36": 0.5002461856388775,
            "t44": 0,
            "t41": 0,
            "t54": 0,
            "t51": 0,
            "t61": 0.5000250243988045,
            "t71": 0,
            "t66": 0.500129112459102,
            "t81": 0,
            "t76": 0,
            "t82": 0,
            "t91": 0,
            "t31": 0.50022517452166,
            "t35": 0.5002461856388775,
            "t65": 0.500129112459102,
            "t62": 0.5000250243988045
        },
        "Min": {
            "t11": 1,
            "t26": 1,
            "t21": 1,
            "t32": 0,
            "t36": 0,
            "t44": 1,
            "t41": 1,
            "t54": 1,
            "t51": 1,
            "t61": 0,
            "t71": 1,
            "t66": 0,
            "t81": 1,
            "t76": 1,
            "t82": 1,
            "t91": 1,
            "t31": 0,
            "t35": 0,
            "t65": 0,
            "t62": 0
        },
        "Max": {
            "t11": 1,
            "t26": 1,
            "t21": 1,
            "t32": 1,
            "t36": 1,
            "t44": 1,
            "t41": 1,
            "t54": 1,
            "t51": 1,
            "t61": 1,
            "t71": 1,
            "t66": 1,
            "t81": 1,
            "t76": 1,
            "t82": 1,
            "t91": 1,
            "t31": 1,
            "t35": 1,
            "t65": 1,
            "t62": 1
        }
    },
    "Dur": null,
    "AbsT": null,
    "Pos": {
        "t11": {
            "1": 1
        },
        "t26": {
            "1": 1,
            "2": 0.19036144578313252,
            "3": 0.014457831325301205
        },
        "t21": {
            "1": 1,
            "2": 0.18870192307692307,
            "3": 0.013221153846153846
        },
        "t32": {
            "1": 1,
            "2": 0.92,
            "3": 0.06
        },
        "t36": {
            "1": 1,
            "2": 0.8995983935742972,
            "3": 0.11646586345381527
        },
        "t44": {
            "1": 0.27053140096618356,
            "2": 1,
            "3": 0.3397745571658615
        },
        "t41": {
            "1": 0.2702702702702703,
            "2": 1,
            "3": 0.3195548489666137
        },
        "t54": {
            "2": 1,
            "3": 0.949317738791423
        },
        "t51": {
            "2": 0.949317738791423,
            "3": 1
        },
        "t61": {
            "2": 0.37254901960784315,
            "3": 1,
            "4": 0.5294117647058824
        },
        "t71": {
            "2": 0.10379241516966067,
            "3": 0.8922155688622755,
            "4": 1
        },
        "t66": {
            "2": 0.36363636363636365,
            "3": 1,
            "4": 0.571969696969697
        },
        "t81": {
            "2": 0.016736401673640166,
            "3": 0.37796373779637377,
            "4": 1
        },
        "t76": {
            "2": 0.07014028056112225,
            "3": 0.9338677354709419,
            "4": 1
        },
        "t82": {
            "2": 0.015151515151515152,
            "3": 0.3622589531680441,
            "4": 1
        },
        "t91": {
            "4": 1
        },
        "t31": {
            "1": 0.9877049180327869,
            "2": 1,
            "3": 0.08196721311475409
        },
        "t35": {
            "1": 1,
            "2": 0.8269230769230769,
            "3": 0.08846153846153847
        },
        "t65": {
            "2": 0.4166666666666667,
            "3": 1,
            "4": 0.5238095238095238
        },
        "t62": {
            "2": 0.4461538461538462,
            "3": 1,
            "4": 0.5346153846153846
        }
    },
    "Len": {
        "Mean": 16,
        "Median": 16,
        "StDev": 0,
        "Min": 16,
        "Max": 16
    }
}